"Speaker Name","Start Time","End Time","Text"
"Speaker 3","00;00;00;05","00;00;34;11","you know, U.S. history is that we started by seceding from Great Britain, right? I mean, we said we're not we don't want to be a part of that. So our American Revolution begins, you know, this story of us saying, no, we don't want that. We want something else. And so that, that sort of begat all of these other kinds of movements, including the US Civil War, that ends up, you know, these breaking away and sort of forming new things, sort of baked into the DNA for Americans."
"Speaker 3","00;00;34;13","00;00;35;23","In a way"
"Speaker 3","00;00;35;26","00;00;55;24","one of the people who seemed to be a larger than life figure, particularly after the Civil War, is Senator Orville Platt from Connecticut. So, I mean, you had this he was one of these four Republican senators who basically set the agenda for much of the legislation of the late 19th century."
"Speaker 3","00;00;55;27","00;01;20;05","And he, he had definite opinions about, state development and things that he wanted to see, you know, as criteria for what constituted a good state. Things like, you know, that they needed to be, you know, the right size. So, you know, trying to figure out what's the right mixture of a state that had enough population but also had enough territory."
"Speaker 3","00;01;20;05","00;01;41;06","But, it could be also sort of self-sufficient and then also, like, you know, that they were willing to adopt, a, a small, a Republican government, you know, with the constitutional representatives and that sort of stuff. So it was a sort of mixture that he was looking for, in, you know, the development of the state."
"Speaker 3","00;01;41;07","00;02;02;27","So he was one of the big, factors in like breaking up Dakota Territory into north and south because he thought if they admitted it as just one big state that was too large for people to be able to interact with, their state government would be too far and costly for people to travel, to go to the state legislature, to,"
"Speaker 3","00;02;03;00","00;02;17;13","you know, the 1787 Northwest Ordinance, you know, which predates the US Constitution, that that's the thing that sort of sets up this, system for how we turn a territory into a state."
"Speaker 3","00;02;17;15","00;02;39;27","And sort of so that that's part of it. So there's sort of this colonial, leftover some of the ideas from the British, that are part of that. Then you get a Jefferson who is interested in, the yeoman farmer agrarian, sort of vision of the United States, and was very, enamored with squares or rectangles."
"Speaker 3","00;02;39;27","00;03;01;17","And then you've got Lincoln as well, who's sort of in this mix, who's, adding some different elements when it comes to, his interest in the West. So, you know, I mean, starting in the middle of the Civil War, he's thinking about the Homestead Act. He's thinking about the transcontinental railroad, and he's thinking about land grant colleges."
"Speaker 3","00;03;01;20","00;03;34;19","You know, in the midst of utter chaos, that is the Civil war. But add in there to the fact that he is also faced with West Virginia. So breaking off part of Virginia that did not want to go with, the Confederacy. So you've got, you know, a variety of different issues happening that sort of have their roots in the Lincoln administration, which, I think is also part of the interest in, naming possibly a state after Lincoln."
"Speaker 3","00;03;34;21","00;03;47;29","There was, some, some sort of, interest in naming North Dakota Lincoln, the state of Lincoln. And, it was rejected as a possible state name, but,"
"Speaker 3","00;03;48;02","00;04;17;11","that was sort of set out in, in the 1787 Northwest Orient Ordinance. So that's the that ordinance set up the, the process for how we deal with, you know, new territory. And that became sort of a guide for us. And it's an interesting thing because it was set up during the Articles of Confederation, which was pre United States of America, and it's, but it was such an important issue that the United States needed to settle."
"Speaker 3","00;04;17;13","00;04;42;06","What do we do with this new Ohio territory? But we have how are we going to manage this? And they couldn't wait until a constitution was drafted. So there are almost like parallel processes. The Articles of Confederation, Northwest Ordinance and the US Constitution, which is being, you know, worked on in that summer of 1787, in Philadelphia."
"Speaker 3","00;04;42;06","00;05;17;26","They're happening almost at the same time. So it sort of gives you a sense that, oh, like, wow, this land issue and how these states are going to be developed, is, is important. It's, you know, it has even longer roots than, than the Constitution. So, so that act continues to inform, you know, how the process for these things and setting things up on a rectangular grid system in that so that all of that is part of the northwest Ordinance."
"Speaker 3","00;05;17;26","00;05;43;19","And of course, it gets, codified in the US Constitution. Article four, section three sort of says that, you know, the process for creating new states. You know, that the, these things are set out and the process resides with Congress, which is sort of an interesting part of this thing. That is, I think most people forget because we haven't created a new state in a long time."
"Speaker 3","00;05;43;22","00;06;08;09","Is that Congress is the one driving this process? And so the Constitution says it's Congress and these state legislatures that are the ones that are, that are going to have to figure this out, of course. Territory the territories, which is sort of the first part of this process. Are directly under the federal government."
"Speaker 3","00;06;08;09","00;06;39;12","So they have very few, rights. They're not states yet. So there's not all of this federal state kinds of division. So territories are like this weird in-between state, and they don't have any senators. They don't have any, representatives in the House. They have territorial delegates who can have, they can give speeches. They could, you know, lobby other members of Congress, but they have no voting rights."
"Speaker 3","00;06;39;20","00;06;59;08","you know, wherever Americans have moved out, you know, as they are sort of making their way west, they bring themselves with them and they also bring with them sort of these regional, differences, regional sensibilities. So you do get folks from the South who are moving to Oregon and to Idaho, to Washington state."
"Speaker 3","00;06;59;10","00;07;25;10","And as they're moving west, you know, through the Oregon Trail and those things, they, want to keep abreast of these issues. So it's always surprising to me. I think it's probably less so now, in my career. But it continues to, to sort of, bring home the fact that, you know, the stories that they're reading in newspapers are stories from back east, and they're very interested in Bleeding Kansas."
"Speaker 3","00;07;25;10","00;07;45;06","You know, these fights that are happening in the 1850s. They are interested in John Brown's raid and Harpers Ferry. They're following the news very closely as best they can, given, you know, the distance and time it took for newspapers to make it west of these stories. But they are they are tuned in. And I"
"Speaker 3","00;07;45;08","00;08;11;24","both men, Lincoln and Douglas, are from the state of Illinois. But both of them were keenly interested in affairs in the West. They were both really closely watching things out West and were very interested in what was happening in the US West. So, so they were they were really probably plugged in more than some of their other contemporaries who could have cared less about what was happening."
"Speaker 3","00;08;11;27","00;08;30;20","the pre-Civil War era was kind of this, this balancing act of free state slave state. So trying to figure out to keep the balance in the Senate in particular. And then after the Civil War, it isn't so much of this, you know, sort of one state and another state sort of in pairs."
"Speaker 3","00;08;30;22","00;08;55;07","There was more of the sense of, can we get a block of them together? Can we sort of do a bill that would, would allow a bunch of these states sort of to come in at the same time? There are political considerations. And that's the thing I think that did not change. So, you know, there was this calculus of slave versus free, pre-Civil War politics never goes away in the creation of states."
"Speaker 3","00;08;55;09","00;09;18;05","And so there is this sense of, is this going to be a Republican leaning state and a Democrat, the sort of state like so, which, which, you know, are we going to try to keep keep this balance going? And so there are those considerations happening. And all of this as well, so that that factors into it."
"Speaker 3","00;09;18;05","00;10;00;19","Plus, you know, race plays a role in this. Some places like, the what would was termed the Indian Territory, in Oklahoma, like, do we admit Oklahoma and an Indian Territory like, so the eastern part of Oklahoma, which was considered Indian Territory in the western Panhandle as something different? So there were debates about that, that there was sort of slowing down of these places like New Mexico and even Arizona, because there were so many, indigenous, folks who were, you know, the border sort of crossed them in the US-Mexico war."
"Speaker 3","00;10;00;21","00;10;19;10","So there were some, some racial considerations as well about, you know, do we really want to include, you know, those people, as, you know, full citizens in the United States? Sure. Right. Yeah."
"Speaker 2","00;10;19;13","00;10;54;16","Franklin was actually called Franklin County. Deseret Territory, and they would actually send in their taxes into Utah. The first settlers that came here and actually filed their property on their, through Utah, through Deseret Territory. And that's where they, had legally owned their property beginning before Idaho was created. And then once Idaho was created, they had to refile on the land they were already living on in Idaho Territory."
"Speaker 2","00;10;54;19","00;11;22;22","they had, disputed the boundary line because no official survey had been done. So the residents of Frankland, had disputed it. And in 1872, when the survey part party came through, they definitely said yes. Franklin was an Idaho Territory because residents had believed that after the creation of Idaho Territory, the boundary line was actually further up closer to Downey area."
"Speaker 2","00;11;22;24","00;11;44;14","And with that, a first official survey party coming through. Then they knew they definitely were in Idaho Territory. And so needless to say, they could claim that they had both been in Utah and Idaho. And it gave, Franklin the distinction of being the first permanent settlement in the state of Idaho. And,"
"Speaker 2","00;11;44;16","00;12;09;09","it's we have a long history here of historical buildings in Franklin being the first permanent settlement in Franklin and Idaho. And so Franklin is blessed with a lot of old buildings, and graciously, throughout time, the Idaho State Historical Society has taken over those buildings. Caring for them and maintaining them."
"Speaker 2","00;12;09;12","00;12;39;10","And in turn, we've got the Franklin rally called Museum and which we're. And right now also we have the Carmi Co-op building here next to us. And it was built in 1868. It was made from quarried rock, and it was wrecked to be the first store in the state of Idaho. Franklin tends to have a lot of first, because of its early, permanent settlement distinction."
"Speaker 2","00;12;39;13","00;12;58;08","And then next to that, we have the Lorenzo Hill hatch home and then a John Toni cabin. And so the Historical Society, under the direction of the Idaho State, manages and operates the site for visitors to come visit and learn more about the early history in southeast Idaho. Down here."
"Speaker 2","00;12;58;13","00;13;48;26","So, the Lorenz uphill hatch home, was acquired by the historical society and 2010 time period descendants from Lorenzo Hill. Hatch had actually live next to the home, and he had had a carpenter shop in his home when he passed away. The home came up for sale, and the Idaho State Historical Society purchased that, and now it has been refitted and and changed to be an interpretive center, even though it's kept the classic rock look on the outside and inside, there are interpretive panels of the state of Idaho's early beginnings down here, representing Lake Bonneville, the early native Indians, and, the time period from the settlement of Franklin."
"Speaker 2","00;13;48;26","00;14;19;08","Up now, the rental hill hatch was pretty important gentleman in history. He was, also one of the first legislators that went to Boise. He, when Franklin became part of Idaho in 1873, he went up and, was in the legislator legislation there. And brought the charter for Franklin to become a city or a village. At the time."
"Speaker 2","00;14;19;10","00;14;38;18","And so he was able to get that charter and bring that back. There was a few other bills he submitted, but they were not passed during that session. But he was comfortable going there because he had already been in the Utah legislature, because he came from Lehigh, Utah, in 1863 and moved up here to build up the community."
"Speaker 2","00;14;38;21","00;14;47;00","And he had already served two different terms down in Utah and Deseret Territory. So he was used to being in government."
"Speaker 2","00;14;47;03","00;15;16;27","Yes. So in 1859, they came and settled, into Cache Valley and I actually was born and raised in Wells Fargo, Utah, in the southern part of the valley. And they came to settle Wellsville first, and then, started progressing further up into the northern part of Cache Valley. Now the pioneers that came to settle here actually wanted to grow up around sort of springs and settle."
"Speaker 2","00;15;16;29","00;15;41;22","But, their leader, who most of them joined the LDS church, which was Brigham Young at the time, he he contacted them to be able to now go no farther than the northern end to Cache Valley. And so they came here and settled and, after they were here for a while, then they started going to Bear Lake area and settling there."
"Speaker 2","00;15;41;24","00;16;13;13","Obviously in Franklin County, they went and settled the other communities of Dayton, Weston, Clifton, Oxford, and then up to Preston, which is our county seat now, here and then further up into down the area and even after the Homestead Act opened up, and you were able to go further into Idaho and pick up a lot more property, then a lot of them moved up to Idaho Falls, Rexburg and Ashland and throughout the state of Idaho."
"Speaker 2","00;16;13;16","00;16;38;10","Franklin sits really in a good position because obviously you had the Oregon Trail, the California Trail, and the Mormon Trail. That's how we came west. You know, if you went down on the through southern Utah, but most of them came west in that area. So north of us sits the Oregon Trail and splits off the California Trail and then the Mormon Trail."
"Speaker 2","00;16;38;12","00;17;09;17","And so Franklin has a good handle on the different immigrants that were coming through and heading, obviously, to California for the gold rush and then up into further into Idaho and Washington and typically people would move to an area because of opportunity. And that's the same reason that people came to Franklin and then moved on to other parts in the West is because there was opportunity."
"Speaker 2","00;17;09;20","00;17;31;29","And so what they brought with them was, was the American spirit. A lot of them were immigrants into America. Some of them had ancestors that were along the East Coast that fought there from their freedom in the Revolutionary War. Some of them just, you know, all that decided they wanted to come west. And so they were coming for opportunity."
"Speaker 2","00;17;31;29","00;17;58;15","And what they brought with them was a lot of hard work and dedication, and they all wanted one thing to have a happy home for their families and their children. And so, yes, I'd say that Franklin does represent the American spirit of building beautiful communities, have prospering, having businesses and growing and sharing what they have and their area with others."
"Speaker 2","00;17;58;18","00;18;17;27","before the railroad, the transcontinental railroad, it took quite a while to come across the plains. And so they wanted to connect both sides of the country and from east to west. And so the transcontinental railroad was going to be an amazing, amazing thing that would benefit the people that were already in the West."
"Speaker 2","00;18;17;29","00;18;45;06","And, Lorenzo Hatch, he, with a group of gentlemen here from Franklin, actually went out and had contracts with the Central Pacific just west of promontory to lay the the last part of the railroad grade to promontory. And they, worked on that railroad. But the other half of the gentleman here in Franklin had to work on the CME Corps building."
"Speaker 2","00;18;45;09","00;19;14;03","So there was a store for those people that were coming on the transcontinental railroad to shop at in the communities once they did get here. So the railroad would benefit the communities as bringing additional, settlers and immigrants in and business and opportunity and Ashley Frankland, after they had the transcontinental railroad built, became the end of the line for the Utah Northern that branched off from there."
"Speaker 2","00;19;14;05","00;19;39;16","And so it sat in Franklin for quite a while, and there was a number of freighters that would go and head up to the Montana goldfields hauling freight from Franklin and there. Eventually the railroad pressed further into Idaho, and it was able to have a huge impact in the state of Idaho. And so the railroad was a big benefit to the state."
"Speaker 2","00;19;39;19","00;20;11;16","So Eliot Butterworth was a man of vision. He there's no other words to call him because he actually came to America. In 1868 on the first passenger car on the transcontinental railroad to the west. And his family had just got here right as they finished the transcontinental railroad. So him and his mother and a sister with an an uncle in their family came to the West, and he worked for the railroad."
"Speaker 2","00;20;11;16","00;20;34;06","He was a the perfect age. To work and helped build the railroad here to Franklin. And then he went to southern Utah and worked on the railroad there, and then came back and he could see through the next 20 or 30 years that all the original, settlers that had came and settled the area were starting to pass away."
"Speaker 2","00;20;34;06","00;21;03;16","And he wanted to retain their important stories because a lot of them had, played a big impact in American history. Through, like I said, along the East coast, through the South, coming across the plains, they they all had a huge impact. So he wanted to retain their stories, not just what they ended their lives with here in Franklin, but other contributions that they had given and other parts of the surrounding states."
"Speaker 2","00;21;03;16","00;21;39;26","And so he started collecting artifacts of those individuals in the early 1900s. And he had a store and he, would pick up a, artifact. Here they are. As they were passing away, he would go to their children and ask them if they would donate an artifact of theirs so their memory could be remembered. In 1910, when a group of Franklin, settlers had gone to the governor and petitioned that Franklin be officially, recognized as the first permanent settlement."
"Speaker 2","00;21;39;29","00;22;07;27","Then he granted that request after affidavits had been submitted to him, and they were given the honor of being the first permanent settlement. And Franklin and they put together a small committee of individuals that want to preserve the history of that. And in 1910 they created the official, June 15th, those Idaho days for an annual celebration of that event."
"Speaker 2","00;22;07;27","00;22;35;20","And to honor these individuals each year. And so Elliot continued to collect these items belonging to the pioneers, and he put them in his store. And when he realized the store was getting way too small to hold all the artifacts he had collected, then, during the depression, when the New Deal came forward, then he thought he'd get some of that money to help build a museum for those artifacts."
"Speaker 2","00;22;35;22","00;23;00;07","So he once again, worked with the Franklin County office, and then they went to the state and asked for a grant to build the Franklin Rally Car Museum tax artifact collection. And this building was built in from the WPA program. And the keys to be able to house the collection that he had been, collecting through the years."
"Speaker 2","00;23;00;10","00;23;27;04","And so this building and is dedicated really to his memory because he oversaw the building, the timbers were cut and the canyon up by the CCS and then brought down and built here for his collection. So he did not just want to tell the story of individuals here in the community, but he would travel throughout the United States picking up rare and unique artifacts to be able to be in this, museum."
"Speaker 2","00;23;27;06","00;23;49;16","He had, gone to actually made a trip to England because that's where he was from. And on his way there, he was stopping at every museum to see how they had laid out their collections and how they displayed them, and what was unique in those museums that he was visiting because he wanted to bring that back here to Franklin and have it in this museum."
"Speaker 2","00;23;49;19","00;24;15;08","And at one point, the newspapers did claim that this was one of the biggest museums in the West. And so he had gained, what his desire was to make it, an amazing museum. And we have artifacts that a lot of museums you would not believe were in here just because, like I said, he was a man of vision and he could see the important items and was collecting them."
"Speaker 2","00;24;15;08","00;24;20;07","And during that time period, the those events were happening in history."
"Speaker 2","00;24;20;10","00;24;43;15","Elliot would like to go to the enjoyed going and traveling to the world fairs. And so he was a man that like new inventions, he his he even brought over some top hats from England that his father and his uncle had wore at the first demonstration of the train engines that were operating in England at the time."
"Speaker 2","00;24;43;15","00;25;18;18","So before he immigrated, they went and they saw that new invention and how that would change life, with the steam engine. And so he was he enjoyed, science and learning about different things that were happening. So he would like to he went to the world's fairs and he would bring back artifacts from the World's Fair. He went to the Panama Expo, and we have some artifacts from that expo that he had brought back with, he also liked, see, you know, whether in fact."
"Speaker 2","00;25;18;18","00;25;48;20","So he would he went to the San Francisco earthquake and brought back artifacts from there. The damage that it caused and the fire that took place. And so we have artifacts from California that depict that tragedy there. And then he, went and picked up some items. There was a gentleman that was in the Spanish-American War and that came back from Fort to Franklin, and he had brought back artifacts from there."
"Speaker 2","00;25;48;20","00;26;11;13","And so he has them in the collection here, the battleship Maine. He has a piece of that that he collected here. And when they were going to, tear down the USS Constitution, he was right there making sure that when they were homing some of those artifacts out to the museums, he was there collecting and grabbing something from there."
"Speaker 2","00;26;11;16","00;26;29;12","So he was a man of vision, something that he knew would have importance in American history, and something that needed to be preserved for future generations so we could see those important artifacts. And so he he's made an amazing contribution that he doesn't even realize today."
"Speaker 2","00;26;29;14","00;26;54;00","when I said Lorenzo had been sent here, he was sent here and replaced Preston, Thomas and Preston Thomas, had been overseeing the community until 1863. And then he went over to Bear Lake area. And one of the big things that Lorenzo was tasked with was, giving, helping, setting up a sawmill and cutting lumber for the area."
"Speaker 2","00;26;54;00","00;27;19;22","And so Brigham Young had purchased behind me there's a stationary steam engine, and he purchased that in Saint Louis and had that go up the Missouri River to Fort Bend, Montana. It was brought back here, and it was set up in the canyon to cut lumber for not some of the bigger buildings in Salt Lake. The tabernacle, the old tabernacle was sitting there."
"Speaker 2","00;27;19;22","00;27;43;26","I cut the lumber for that, and it cut some lumber for the season for my, store. And it sold, sent the lumber down there and was sold out of that store, and then cut lumber here in the valley. And then it was sent over to Montpelier to cut lumber for the railroad. Was there a lumber? And the railroad started progressing into Idaho Territory and further up in."
"Speaker 2","00;27;43;29","00;28;12;17","And so it was it was a huge contribution because it had, it helped us build the areas up with additional commerce. Eventually the LDS church sold that steam engine to a private company, and they put it up in the canyon here above Franklin. And they had cut lumber for quite some time. And then is sat vacated."
"Speaker 2","00;28;12;19","00;28;35;23","For a while, the gentleman that had that steam engine purchased it from the LDS church. He had had two sons that were working his sawmill, and they had gone up there in the winter time. Eventually, they decided they needed one more tree for foreign order, and they went up there and work on the snow slide. And both of them were killed in the avalanche."
"Speaker 2","00;28;35;23","00;28;59;08","So the father devastated, closed up the sawmill, and he never used the steam engine again. And Elliott Butterworth, knowing about that story and knowing the importance of that artifact, there was a group of gentleman that went up to the local canyon, brought back the steam engine. Now, this was of the later earlier models that did not have the wheels on the bottom."
"Speaker 2","00;28;59;08","00;29;23;17","It was a stationary steam engine, so you had to have out loaded onto a wagon, pulled by a number of mules to move it. Instead of having the wheels attached to it. So they went up and pulled it down here and put it not inside the building, but the building was built over the top of it. Announced the prized artifact for the opening of the building in 1937."
"Speaker 2","00;29;23;19","00;29;36;08","So it has a long and important history of contribution. And we actually have a photograph here in the museum that shows that steam engine out, cutting lumber."
"Speaker 2","00;29;36;11","00;30;17;25","this this museum, when individuals come in, think it's a little cluttered, but each artifact has an amazing story. And that amazing story tells the history of the state of Idaho and those that build up the state here. And it didn't start here. They came across the United States from other areas. And so it's an amazing opportunity to come in and see, different generations and their contribution to the building of Idaho and, and what our state holds, how important the people that came here were to our progress."
"Speaker 2","00;30;17;27","00;30;56;25","And building up such a wonderful state that we enjoy today. And so I, I just I just shudder every time I think of some of the stories I've learned and the artifacts that are used in the building and progressing through the state and bringing so many blessings that we have here today. It's just wonderful. And I really encourage everyone to come see some of these amazing things, because there some of them are so unknown and we just have such a great opportunity to go to museums and see unique artifacts that can help, show us a different life and a different time."
"Speaker 2","00;30;56;28","00;31;02;19","And I appreciate the contribution that was given to those individuals that build it, that the state."
"Speaker 2","00;31;02;21","00;31;16;01","And that's what that's what we do at museums. We look towards the future to show future generations the importance, a contribution to our society and our state and to America."
"Speaker 2","00;31;16;03","00;31;54;02","the Franklin Relic Home Museum is very unique in that I retrospect because Franklin did play a big part in Yellowstone history. Hard to believe, I know, but it does. One of the unique things we have here in the museum is the Yellowstone National Park Transportation coach. And that coach actually was used within the park. And the whole the, the, the way people travel to the park on the through Idaho, on the south."
"Speaker 2","00;31;54;04","00;32;18;27","And as they would travel the old Yellowstone Highway and then they would go up through Rexburg and, Idaho Falls and up through Ashton and so early on, I shared the story, with visitors that come in the the wonder how in the world we have this item is one of the gentlemen that lived here in Franklin. He actually went up to the park and drove coach."
"Speaker 2","00;32;19;00","00;32;40;04","And the coaches were very popular in the early on. You just have a coach pick you up and then take you into the park for like a four day trip. And each night you camp in the park and, and then you go out. And then when the railroad got there, then you rode the railroad West Yellowstone and then they'd take you through the park on the coaches."
"Speaker 2","00;32;40;06","00;33;08;14","So each coach was numbered and the Yellowstone Transportation Company would do it. Order from Abbott, Downing and the particular coach we have on the Yellowstone number is 29. So once they received their orders, they would number each coach 29 or off and on and on. And so ours was used early on. Ours was dated about 1903 to 1907, when it was built."
"Speaker 2","00;33;08;16","00;33;33;05","And the gentleman that drove coach up there, he came home with the invention of the automobile. They banned coaches in the park and all switched to the automobile. And so they started auctioning those coaches off, and it went to a ranch that was not too far from here. And the gentleman that drove coach in his later years knew that that ranch was going to auction off the coach."
"Speaker 2","00;33;33;05","00;33;55;13","And so we ended up getting that coach at the auction. And that is one of the artifacts that is here in the museum. It's quite unique because there's not a lot of original coaches left that were used in Yellowstone National Park. There's maybe only 20 of them, and there's it's never had anything any major work done on it."
"Speaker 2","00;33;55;13","00;34;21;09","Like a lot of them are, working up there, with Rawhide Johnson at the Cody Museum, we were able to get some original, order forms of the coach, the numbering system that is on the body, and he helped us pinpoint those dates for our coach. So that's kind of a proud artifact we have that we know that was used in the first National Park of America."
"Speaker 2","00;34;21;11","00;34;52;19","And we treasure that item because as today, as we take our families through the park and our cars and our comfort, we look at the coaches and people were just as excited then to travel through the park and see the wonder since we are today. And so it's a great opportunity to be able to show individuals today what it was like back then, but still share the side of being able to travel through the park and see those wonders that we have."
"Speaker 2","00;34;52;21","00;35;37;06","the official mining records are in the museum in North Reno. And the very first logging, I sorry, the very first mining records that I saw were, showed territory of Washington County as Spokane. And, about two months later, the it changed to territory Washington County. If you show me they form the show county because of the number of people, men that were coming into to mine and then, because of the distance that, people in this area had to go to, to, courthouse to the county, county seat, they, were trying to create a new, a new, county."
"Speaker 2","00;35;37;06","00;35;53;00","And initially the Clearwater County did not succeed in 1903, but in 1904, this area was annexed to Nez Perce County. And then in 1911, Clearwater County was formed."
"Speaker 2","00;35;53;02","00;36;26;29","Pearce initially was had quite a large population. And, as the Caucasian or white, miners left, the Chinese took over. And at one time, the population here in Pearce was, as far more Chinese than there were white, white people. And, then that that kind of settled down. But then, like John said in the, the when the loggers came in, it, it it's never been a huge town again."
"Speaker 2","00;36;26;29","00;36;33;24","It's never gotten as big as it was when it was mining. But it is right now it's about 500,"
"Speaker 2","00;36;33;27","00;37;11;14","Headquarters was a booming town at one time, and because of the logging, it was the major, there were, the railroad went into, headquarters and, there were a lot of logging logging trucks that they did. They had, the river camps and the railroad camps and then the logging, logging trucks would move logs, down to, the railroad or down to of where a flume was available to get the logs into the river."
"Speaker 2","00;37;11;16","00;37;18;26","But right now, headquarters, there's very little in headquarters. Now, when they shut down the logging."
"Speaker 2","00;37;18;28","00;37;52;09","it had to do with modernizing, supposedly. They went from the railroad, moving the, the, logs by rail to moving them with trucks. And so they, apparently the line that comes from or if, you know, up to headquarters, the railroad line, there are, I believe, 42, trestles. And so the maintenance of that, that, track is very it was very expensive to keep it going."
"Speaker 2","00;37;52;09","00;38;00;19","And apparently it was it became cheaper to load the logs, on trucks and move in that way."
"Speaker 1","00;38;00;22","00;38;01;09","Okay."
"Speaker 2","00;38;01;11","00;38;27;10","they're very much the same as any other area. They're the people just trying to make a living and, and, raise families and, for looking for the, their own niche in life. And so it, I think there's a special area, I really like living here, but for me, it's it's my beginnings I lived in."
"Speaker 2","00;38;27;10","00;38;51;14","Or if, you know, I was raised in or, you know, my father was superintendent of state Hospital. And so, I wasn't really attached that much to the logging industry, or to Pierce. So I was more or less or, you know, with my center. So, and state Hospital was I live my father was required to live on the state hospital grounds."
"Speaker 2","00;38;51;16","00;38;59;20","So we lived up there. And so my world was considerably different than a loggers market life. So."
"Speaker 2","00;38;59;23","00;39;36;19","Bob Allen worked for Potlatch for decades, and he was interested in history. And when a piece of, equipment became obsolete, he would ask permission to tuck it away and save it for, for a museum. And so for many years, he collected a lot of old equipment. And, in 1990, he actually opened the museum and the, the first the cabin that it's there is actually, a cabin from, Clearwater Timber Protective Association."
"Speaker 2","00;39;36;19","00;40;04;00","They had a, a, headquarters near headquarters, and, they moved that cabin first, and then they built the other smaller one and the, storage, the, shed, to put things in. And so he was, dedicated to preserving the history of, of the logging of the process. And so."
"Speaker 2","00;40;04;02","00;40;35;16","Well, it was a great experience, and we lived through the best of it. However, when I started working here, there was all virgin timber. It was a where I was working, we built a railroad over into Schofield Creek. There was no roads in there, and it was all Big Cedar Point. And so if you read fir."
"Speaker 2","00;40;35;18","00;40;51;20","Headquarters was the main, potlatch office. And, Howard Bradbury was a superintendent when I came here."
"Speaker 2","00;40;51;22","00;41;05;20","There was. Oh, probably 4 to 500 men working. And sometimes in the railroad camps and in, river camps."
"Speaker 2","00;41;05;23","00;41;11;00","I retired because they shut down the Jaypee Mill."
"Speaker 2","00;41;11;03","00;41;16;10","I retired because they shut down the Jaypee Mill."
"Speaker 1","00;41;16;12","00;41;21;11","Did that cause a lot of folks to quit working?"
"Speaker 2","00;41;21;13","00;41;29;08","Not a lot. Most of them were younger than me, and I happened to be old enough that it didn't bother me."
"Speaker 2","00;41;29;11","00;41;54;10","One time I was falling about a two foot white pine, and, it was there was eight feet of snow, and I was done in a hole cause we had a shovel or shovel of snow, and I wasn't watching what I was doing. And I had my shoulder up against the tree, and it was supposed to fall that way."
"Speaker 2","00;41;54;13","00;42;18;02","Well, I cut the corner off and the tree kept pushing on my shoulder and I looked up. It was coming right over the top of me so I couldn't get out of the hole. So all I could do was sit down with a stone. That's what I did. And that tree happened to be flat enough that the snow held it up."
"Speaker 2","00;42;18;04","00;42;23;28","And it never touched me."
"Speaker 2","00;42;24;00","00;42;51;28","Another time I was in a big white, fur, and it was a real heavy tree, and it wanted to go out that way. I wanted to go that way. And so I put my undercut in and started. Just saw a little ways, and that tree broke off. There's that much wood. And, I knew it was going to balance in the air when it hit the ground."
"Speaker 2","00;42;51;28","00;43;16;18","There was five foot of snow there. And, it it did bounce in the air, and I, I couldn't run, and I just got on my hands and knees and crawled as fast as I could. And that tree hit right behind my feet and pushed me down the hill and covered me with snow."
"Speaker 2","00;43;16;21","00;43;26;19","were, sometime work six days a week, year round. Mud, snow, whatever."
"Speaker 2","00;43;26;22","00;43;40;20","There was a lot of them. There were Swedes, Norwegians, Bohemians, Danes and probably every country in Europe and people working there."
"Speaker 2","00;43;40;23","00;43;48;06","They, they came from mostly from Minnesota. When the loggers stopped there, they came out here."
"Speaker 2","00;43;48;08","00;44;14;04","most of those old fellows didn't have a Social Security card. So when they got to a certain age where they couldn't produce anymore, they had to retire. There was nothing to retire on. And Howard Bradbury would work with them and get people in the old country to verify their age and get them a card."
"Speaker 2","00;44;14;06","00;44;39;00","Oh, if he couldn't get them a card, no way he would hire them in the summertime to work on the building and headquarters. And, they would wash windows, whatever needed to be done in town. And that way they could buy their stuff and a beer once in a while when they lived in Greer and the old folks home."
"Speaker 2","00;44;39;02","00;45;06;13","Mr. Bradbury was a fine gentleman. He probably know more men as Karen as he was. And these people, I know that, he was willing to talk to anybody for a few minutes. Oh, I of his, time. But he was a great man."
"Speaker 2","00;45;06;15","00;45;25;29","He took care of things in town. Plus, he was over all the railroad camps and the river temps, and he had a foreman at age camp and between him and the foreman, they decided what they would do."
"Speaker 2","00;45;26;01","00;45;51;18","Well, we were hooked on to a tree length. We cut it as far as we could on both sides with the bar we had, and we hooked on to it and pulled up stream and it wouldn't break off. And then we drifted down, and it pulled again. It wouldn't break off. And then I said we was in trouble."
"Speaker 2","00;45;51;20","00;46;06;24","So I, I had an ax right by my hand so I could cut the rope. And I reached for the ax, and the water hit me right in the chest, and we went to the bottom and crashed like an eggshell."
"Speaker 2","00;46;06;27","00;46;32;22","there was 4 or 5 of us in the boat, and, I was one of them. And I got in the current and went down under the water. When I come up, I was in the middle of the river, and, I went down in the river two and a half to three miles, and, finally the river spit me out."
"Speaker 2","00;46;32;25","00;46;36;13","I actually walked out of the river."
"Speaker 2","00;46;36;15","00;46;55;19","when I got too out of the river, I sat down on a stump, and I had a pocket watch. I dumped the water out of it, and it said there was a difference of 45 minutes between when we went down and. And I got the water out of it."
"Speaker 2","00;46;55;22","00;47;27;28","you know, coming down the river. I had no control. I went through some pretty heavy riffles. I finally caught a little log, and and that kind of broke the waves as it went through. And, I got down almost a salmon crick and, a cameraman was with us, and he had three cameras around in his neck, and they were winding up, and he was trying to get them loose."
"Speaker 2","00;47;27;29","00;47;43;29","Now he says, can you grab this log? It was only six feet from me. And he said, you know, I can't do it. And he went down, and the river spit him out there in an eddy. And, he got out."
"Speaker 2","00;47;44;01","00;48;09;28","used to. We used cats and, and hand saws and we when we got through skinning, you could walk through the woods and it was nice. You could hunt there, you know. Now, with this equipment that you got now, it mashes everything down and you can't walk through it."
"Speaker 2","00;48;10;01","00;48;13;06","very few hand saws."
"Speaker 2","00;48;13;09","00;48;40;23","I, I knew the man that surveyed the Beaver Creek flume and, He, said when they got down there and finished it, they put water in it and trailer a log or two, and they went clear across the river. So they had to change the slope of the flume right where they put it in there."
"Speaker 2","00;48;40;25","00;49;04;19","This courthouse was built in 1863. They were. Mining was just going. How could they make millions of dollars being taken out of here? And they ended up with a lot of robberies taking place as they were taking the gold from here down to Lewiston. So they decided they need some county government. So they organized, the county here."
"Speaker 2","00;49;04;25","00;49;26;23","And this was the first county courthouse in Idaho. It was built in 63. In fact, you see the bars up there in that window? That's where the jail was. And they put kegs of nails in, put them into the in the wall so the prisoners couldn't cut their way out of these log. The log jail. And then the second floor was where the county commissioners met."
"Speaker 2","00;49;26;25","00;49;32;21","And that was the big government, this county. This was still Washington Territory during that time."
"Speaker 2","00;49;32;24","00;49;46;01","it was Shoshone County, which was all basically all of North Idaho except for Later County and Nez Perce County. So it was a huge, huge county, and all of governing was done from here."
"Speaker 2","00;49;46;03","00;50;04;02","And this was put out to bid. I forget the amount of money they awarded for to build this courthouse, but it was the first courthouse in Idaho and the first governing body in Idaho as it is basically the territory of Idaho."
"Speaker 1","00;50;04;04","00;50;04;13","Sure."
"Speaker 2","00;50;04;15","00;50;25;20","They would take to go from here by mule down to Lewiston. And it was an arduous trip. They had to go down to the Clearwater. They had a ferry there across Clearwater. Then they'd go up across the prairie. It passed where Nez Perce is now and down through cul de sac into Lewiston. So it was a it was a long, arduous trip."
"Speaker 2","00;50;25;22","00;50;50;00","And, they had what they called a shebang, where these crooks would hang out and they'd rob these people, these mule skinners who were taking the gold down to down to Lewiston. And they decided they needed some government. And that's when they established the county here, Shoshone County and that. And then they got they got the sheriff and they got some passes."
"Speaker 2","00;50;50;03","00;51;12;28","And then when they started governing and they did it basically to stop the violence, they had one fella who stopped taking gold because he was a feared for his life, that one of those gangs came back and shot up an owner of a bar, because he talk back to him when he was riding back from Lewiston. It was a wild, violent place."
"Speaker 2","00;51;13;00","00;51;20;13","And that was the genesis for starting a county government here. So they get some law and order. More order than law. Probably."
"Speaker 2","00;51;20;16","00;51;42;03","major gold rush before this was in California. They all came from the East. This was the first major gold rush where they all came from the West. They came from this, the west coast, from the logging camps up in the Olympic Peninsula, mostly from Portland. Portland was the funnel at that time. It was the it was the major metropolitan area at that time in Seattle."
"Speaker 2","00;51;42;03","00;52;11;03","There was just a sawmill. There was no basically said here at all. And so it was Portland. And then Pierce became basically the second largest city in Washington Territory after Portland. I forget how many thousand, but it was thousands of people here. And then they the work was incredibly hard because they had to get water funneled into to get to the sluice boxes, to get the overload off of the gold."
"Speaker 2","00;52;11;05","00;52;29;22","And it was, for instance, what guy would walk three miles up it, have to dam up the creek to get ahead of water, to come down to flush through the the sluice boxes. He'd get up in the morning, go up and release the dam so the water would come down to flush through. Then he walked back. At night."
"Speaker 2","00;52;29;25","00;52;51;19","We all wet. All running, all day. Walk another three miles up to put a dam on the creek again so they get another head of water for the next day and walk back, all in a day's work. So he's walked 12 miles plus worked all day to get the gold off out of the sluice boxes. That's how tough those guys were."
"Speaker 2","00;52;51;22","00;53;31;14","But these single greatest guy in my in my experience and his, he has a huge tombstone right here in the Pierce Cemetery. Was was, it it was his name was Israel Cohen, and he was a county commissioner. He was in the territorial legislature, but he also then became the first postman and post carrier. And he would carry the mail from here down to Clearwater, across up again to the great, across the prairie and down to Lewiston, all on his back, 30, 40 pounds of mail."
"Speaker 2","00;53;31;16","00;53;38;22","And in the weather he did it on snowshoes, and he had a clubfoot. How's that for tough?"
"Speaker 2","00;53;38;25","00;54;03;07","And when the mining disappeared, the logging came in. They started here in 26. And this was one of the finest low elevation pine forests in the United States. I forget how many millions and billions of actually board feet that they measured, that they estimated there was here, and they came in basically with built, in fact, that they got a generator."
"Speaker 2","00;54;03;07","00;54;25;27","They took up to the head of Beaver Creek, and in one year they built flumes. Flumes are what are funnels that they used to take the logs down to the river for the log drive. They soared and built about. I think it was 8 or 12 miles of flume. One summer, and they would take the lumber down the flume with water to get it down to the next section of the flume."
"Speaker 2","00;54;25;29","00;54;57;06","It was just incredible, incredible work those carpenters built, and you'd have to see pictures of the film to understand what an undertaking that was. Yeah. Crossbars that the they were built on. And you had the flume itself was a funnel to get the logs down, and then you had to be very careful about the amount of. They had sidewalks along the flume and had flume walkers and they had crank telephones, and they had those dams where you let water into the flumes to get the water to float the logs down."
"Speaker 2","00;54;57;08","00;55;15;05","But you had to be really careful, because if you put too much water and you got swift the log to jump the flume, if you had too little water, they jam up and and halt the transport of the logs down. And so those flume walkers would call up and they quench to release water. How much water to release."
"Speaker 2","00;55;15;08","00;55;37;19","So they would give just exactly the right amount of water to get those logs down to the down, down to the river for the log drive. Gotcha. It was incredible feat. I forget how many miles of flume ended up building before they stopped the log drives, but they would have these holding ponds where they'd have that thousand thousands of board feet of logs, and they roll them in with PVC."
"Speaker 2","00;55;37;19","00;55;58;28","The end of the end of the flume, when the water was going and I have pictures of the at the lowest and mill, the pond was just filled with logs after the log drop. It was just an incredible undertaking and what they couldn't get, of course they had to have had to be on the slope down to the river to have the flumes inland."
"Speaker 2","00;55;58;28","00;56;13;15","They used the trains and the the river camps were letters camp, te camp, actually camp camp II and the railroad camps were numbers camp 14, camp 16."
"Speaker 2","00;56;13;18","00;56;37;24","and what they couldn't take out down through the river. They would had built a railroad from here, down to Lewiston, and they take them out by train camps. Prairie came up the Lewiston, and then Potlatch built its own railroads out to the camps, and they had miles. I forget how many miles of railroad that they built to bring the logs in from the camps, where they couldn't get them down to the logs, down to the river."
"Speaker 2","00;56;37;27","00;57;06;29","Well, what happened was that they brought an infusion of people into Idaho. I mean, we had thousands of people here. Yeah. The population. And then when they discovered silver up in in the court lanes, and they moved the county seat from Shoshone County to Pierce to Mullan, which later went to Wallace, and then the mining brought people in, and they also had another gold rush down and out, out of Granville."
"Speaker 2","00;57;07;01","00;57;34;03","And that was what the first draw of population in, so people could see what was here. And then once they came in here and saw all the timber, then they said, wow, this is there's more than just gold here. Here's, here's a incredibly rich, diverse forest unparalleled anywhere else in the United States for a lower elevation forest. And so that brought people in."
"Speaker 2","00;57;34;06","00;58;06;27","And as Galen was saying, there were 4 or 500 people in headquarters at the height of the logging. They started with horses, crosscut saws. My dad used to say that in a horse camp, there were three key people. If you didn't have those three people, you're not going to have a good logging camp. And that was the camp cook which had the lumberjacks, the barn boss who fed the horses, and the five or who kept the crosscut stars sharp, and each sawyer two pair of sawyers would have their own saw and they take them in."
"Speaker 2","00;58;06;29","00;58;27;22","And the salt shop is right down there at the museum. And they file the filers with file the source they leave them for one day. They come back and get a new set of file saws. The next day I remember going into a filing shop and there was iron filings all over the floor. That's that's how they kept the the horse logging camps growing."
"Speaker 2","00;58;27;24","00;58;50;05","it started in Potlatch. Bill dairy was brought out by Weyerhaeuser Builder railroad from Potlatch over to Bovill that walked into the Milwaukee Road and they had access to the markets. And then when they came down here, the lowest and they had the railroad out there for the for the lumber to get out, and it was just a sawmill then."
"Speaker 2","00;58;50;05","00;58;57;05","No pulp mill. Pulp mill came in in 1951, long after that. The logging started for the sawmill."
"Speaker 1","00;58;57;06","00;58;57;28","Sure."
"Speaker 2","00;58;58;01","00;59;02;29","And so they took it all out by train from lowest into the market."
"Speaker 2","00;59;03;01","00;59;29;09","As a matter of fact, they came in later there. They had the Chinese Exclusion Act, as you probably know, that they weren't supposed to be here. And they came in and they would go where they. But when the miners left here and went to the next rush, which was, I forget, the name of the gold rush, the next gold rush, but, they would come in and have the pilings and they would go through what would been like a lot of these miners would high grade."
"Speaker 2","00;59;29;09","00;59;51;21","They get the easy gold. The Chinese had come and get this difficult stuff, but they're really taken advantage of. They if they found some gold, some of the the Caucasian come in and jump their claims and they had no recourse really, they were terribly taken advantage of. They had a temple here in Pierce where they worshiped. And in fact, that that,"
"Speaker 2","00;59;51;23","01;00;22;23","The the altar and the some of the paraphernalia for that temple are in the museum. And Rufino and so they had and they had the big murder here. Where are they? Head of the one of the major stars was murdered. And what had happened is two Chinese, had come in from, Portland and they found out that the white, the Caucasian guy was getting all of the business from the Chinese miners."
"Speaker 2","01;00;22;26","01;00;47;25","So they had him killed, and I they finally found the ledger from that guy store about ten years ago. And I was able to discover for the first time the reason that came in the Caucasian was getting all this business from the Chinese miners. And the tongs didn't like that they had what they called Chinese tongs, which were organizations formed like for like fraternal groups."
"Speaker 2","01;00;47;27","01;01;13;04","And, they were taking them up to Mulund for a trial. And about six miles out of here, a posse stopped him in the hand. Him they have a sign out here, bro. Going to Pierce from Pierce out there. We I thought they say the hanging tree. That's not correct. It was the the old road was down by the creek there where they had a Chinese cemetery."
"Speaker 2","01;01;13;06","01;01;31;27","My grandmother always said that they had it in the wrong place, that it was down further down on the old Pierce road, not the current Pierce road, but they hanged them. Right. Right there on the spot. That's that was long. The Wild West."
"Speaker 2","01;01;31;29","01;01;50;20","had come in to kill the store manager of the store because he was getting all the business from the Chinese miners instead of the Chinese store. The tongs wanted the money. They were organized. They wanted the money from the money that was coming into the stores here in Pierce, and that money was drying up. So they came up to see what the problem was."
"Speaker 2","01;01;50;20","01;01;56;01","They found out that the I can't think of the fella's name who had this store."
"Speaker 1","01;01;56;03","01;01;57;27","I've read it somewhere here."
"Speaker 2","01;01;58;00","01;02;01;20","What's that here? Fraser."
"Speaker 1","01;02;01;22","01;02;03;27","Yeah, but. So they were being taken."
"Speaker 2","01;02;04;01","01;02;35;17","And he was getting all the business, and they wanted to stop that, get the money flowing again to Portland from the tongs. So they murdered him. And they then they the posse came and got the people that they thought had murdered him. The two Chinese or three, I think there were six, maybe 5 or 5 Chinese. And they taken them on their way to the show, shown, up in Mullan, which was now the, the, county seat for trial."
"Speaker 2","01;02;35;17","01;02;40;21","And six miles out of here, they stuck posse, stopped them and hanged them all."
"Speaker 2","01;02;40;24","01;02;58;00","is, they probably were guilty. That's the irony. But that's not how it's supposed to happen. You're supposed to have a hearing before you have. You say in the Army, you know what you have. Ready, aim! Fire! You have ready! Fire! Aim! And they were ready. Fire! Aim!"
"Speaker 2","01;02;58;03","01;03;22;17","actually, governor McConnell was he had gone back to the an expo in Chicago and, and talked about all this great Timberland because he'd just become a state. And the just having become a state, they didn't have any source of income, very slight population, but small population. And they needed they needed the money to govern and they the state."
"Speaker 2","01;03;22;19","01;03;52;27","Every time a territory became a state, they got to select a certain amount of land, of state land and the, territorial governor got to make that selection. And of course, they selected a lot of the timber land, because that's where they considered the wealth to be. And so a lot of that was in what is now later County was then later county to actually and what they did was they put it up for bid so they could get some money and warehouse or came in and started the mill at Potlatch."
"Speaker 2","01;03;52;29","01;04;23;06","That was called the Potlatch Lumber Company here. And, and Clearwater County, it was the Clearwater Timber Company, but they were both owned by Weyerhaeuser. Warehouse had come out. And when he saw they actually made a trip out and, saw the timber and they fact they signed the and he gave the capital for the I took his $500,000, which would now be, I think, like 6 million, something like that in today's money."
"Speaker 2","01;04;23;08","01;04;47;20","And to get Clearwater timber established and that's when they started the, the logging and, but they waited until they'd done the logging and they the potlatch mill was, was, still operating. Then they started, a mill in Elk River because they'd had a, they'd had a blow down. John Weyerhaeuser discovered a blow down of 6 to 6 million board feet of timber."
"Speaker 2","01;04;47;23","01;05;09;17","So they built a mill and in Elk River to log that timber. They did it, but they found out they had a problem. The snow was so deep that they had trouble getting the, the, the lumber out of the yards and the lumber onto the trains to get it up to up to Saint Mary's, where they could hook up with the with the Milwaukee Road."
"Speaker 2","01;05;09;19","01;05;36;04","And so John Morrison said, look, we have all this snow, we have this river to Lewiston. You know what could be better? What easier way to get timber down. We don't have any snow in Lewiston. So that's when they actually burned down the mill. And and, Elk River and built the mill and, in Lewiston, I think it was completed in like 27, 28."
"Speaker 2","01;05;36;07","01;05;48;27","Potlatch. They started logging here in 26, but I'm not sure just when the mill was completed there. But they dammed up their Clearwater and had a lot big log pond there for the mill. Gotcha."
"Speaker 2","01;05;49;01","01;06;10;26","later, our county was it was smart. They needed they needed the vote from later County to create a state. And they said they wouldn't do it unless we got the university. They first planned to have the university at Eagle Rock. You know where Eagle Rock is, Idaho Falls. Exactly. And they said, we will not vote to become a state unless we get the university."
"Speaker 2","01;06;10;26","01;06;34;29","And that's when it went from Eagle Rock up to Moscow. And then they when they but they would vote until they built the first administration building because they wanted to make damn sure that not only were they promising it, but it was going to happen. So they built the first administration building just a year before. Later, our county voted to become a state, and that's how late our county got the university."
"Speaker 2","01;06;35;01","01;06;38;21","It was blackmail, actually, in today's terms."
"Speaker 2","01;06;38;24","01;07;01;02","Well, I think one of the most colorful characters was George McKinnon, who was an all country Scotsman, and he was a camp foreman, worked for my dad out of camp 14, and he was a curmudgeonly guy. And, and, during the war, they had trouble getting lumberjacks because all the men were young men were in the in the service."
"Speaker 2","01;07;01;02","01;07;22;14","And so they're getting some of what, you know, is the old country lumberjacks, the Finland, this was the Norwegians, the Bohemians all wore suspenders and they all chewed snow. You never saw a cigaret, you never saw a belt. And they crop off the bottom of their their pants so they would get caught up in the in the limbs, in the woods."
"Speaker 2","01;07;22;17","01;07;42;19","Well, they're bringing these cowboys in. And of course, during the war, all the manufactured cigarets are going to the troops. So you had you had a bag of, of tobacco and you had these little folders of, of, cigaret paper. And you have to roll your own and judgment and then you're either sending these cowboys out the log."
"Speaker 2","01;07;42;19","01;08;06;01","And George McKinnon called up my dad and he said, how're I don't want any more of these goddamn cowboys. He said, I can't get any work out of them. They aren't rolling a cigaret. They're pulling up their pants. And and then one time, my dad thought he was doing them a favor to say you send out some watermelons, they let you get some fresh fruit because most of the fruit came out of tin cans."
"Speaker 2","01;08;06;01","01;08;20;24","And the camps. He called up there and he said, Howard, no more watermelons. Said, they're 90% water and 10% disappointment. So that was one of the colorful characters that that I'm aware of that my you dad used to talk about, for"
"Speaker 2","01;08;20;27","01;08;38;04","each followed their own, their own trade, like the Sawyers tended to be sweet. And the, the teachers tended to be Norwegians. They not wasn't a rule or anything, but that's just how they sort of gravitated."
"Speaker 1","01;08;38;07","01;08;38;10","For"
"Speaker 1","01;08;38;12","01;08;38;18","for."
"Speaker 2","01;08;38;20","01;08;53;02","There came wherever the logging was. Good. And they and then they had the bunkhouses where they'd stay. They had those old ankle iron cot beds with mattresses. That was after they'd had a try for 36."
"Speaker 2","01;08;53;05","01;08;57;05","before 1936."
"Speaker 2","01;08;57;08","01;09;19;18","The lumberjacks were served food on tin cups and plates. There were no showers. They had to find their own water to shower. My dad said the bedbugs were so bad that sometimes you have to go out in the out of the bunkhouse to sleep just to get away from the bedbugs. And these lumberjacks go from camp to camp with their packs, ax."
"Speaker 2","01;09;19;21","01;09;43;01","And if they had to have their own bedroll, and then they had to go down to the horse barn to get straw, to put on the flat surface for a bed, and they finally had to strike. In fact, my mother had to go through the picket line at the Pierce divide to get to the hospital to have me and but after that they had ceramic dinnerware."
"Speaker 2","01;09;43;04","01;10;10;12","They had every every bunkhouse was fumigated for bedbugs. They had showers and they had toilets. So it was a it was a huge difference. And then the pay almost doubled and it went from 12 hours. I forget it was usually 12 hours, six days a week. And I'm not sure just when it went to eight hours. And I mean in the 30s, I think with the fair Labor relations there."
"Speaker 1","01;10;10;15","01;10;14;11","And that was the the IWW that was organizing the IWW."
"Speaker 2","01;10;14;11","01;10;16;20","Yeah."
"Speaker 2","01;10;16;23","01;10;18;19","Yeah. The Wobblies."
"Speaker 2","01;10;18;22","01;10;35;13","a was not just the Lumberjacks went on strike that year. The longshoremen on the coast, the seamen all went on strike. It was a major, major strike. And that's when they called the governor, called out the National Guard and quelled the strike."
"Speaker 1","01;10;35;16","01;10;35;23","coming?"
"Speaker 2","01;10;35;24","01;10;45;22","The miners were from all over. In fact, in Pierce, during the mining days, there were a lot of Southerners because."
"Speaker 2","01;10;45;25","01;11;08;01","The Civil War was going on, and a lot of Missouri, I think, was a free state. And a lot of the people in some of these border states didn't want to fight for the Union. So they came west to escape conscription into the into the Union Army. And then they got in a lot of fights here with the with the people that were supporting the union."
"Speaker 2","01;11;08;03","01;11;19;29","It was a very divided mining camp here, and a lot of struggles between the, the Confederate, those who were sympathetic to the Confederacy and those who were Union rights."
"Speaker 2","01;11;20;02","01;11;54;02","Basically the only people populating north central Idaho at that time was the Nez Perce tribe. And up in Walla Walla, you had the cave tribe. You had the Palouse tribe. And but basically it was all Native Americans. And they put the gold discoveries, did as they brought in the, the miners, which were people that were and basically it was very unpopular because they don't they created the reservations in 19, 1840."
"Speaker 2","01;11;54;04","01;12;05;16","And then they were the whites were coming into the reservations. And we're not supposed to be here. So it was a it was a very, very tense time with the native tribes."
"Speaker 2","01;12;05;18","01;12;17;11","They created. Headquarters was company owned. Town. Pearce had a lot of moose. Basically depended on the logging industry. We I, on the other hand, was more farming and ranching."
"Speaker 2","01;12;17;14","01;12;44;17","It is the economy in this part of Idaho. If it weren't for the logging as a street, there would be no economy at all. Clearwater County large. Yeah. In later County, you have quite a bit of timber land, but it's basically agricultural, as is Lewis County and Nez Perce County. But Clearwater County, where we are today, there is no economy other than logging."
"Speaker 2","01;12;44;19","01;12;54;08","The only thing besides that, North Idaho is the penitentiary in the state hospital North. Those are the other two major employers, except for that. So logging."
"Speaker 2","01;12;54;10","01;13;21;02","one of the things you find with loggers, they're they're very hardworking, very decent, but very independent people. They tend to master their own drums. God bless them for doing it. There's no herd mentality in the logging industry. Everybody knows who they are and what they want to be and what they're going to do. And it's a it's a joy to be around the loggers."
"Speaker 2","01;13;21;05","01;13;40;24","It's gone from horses to used to have. You'd have a horse. Yeah. Teamster with a horse. You'd have two sawyers welder, crosscut saw. You'd have a, person who would dig down. There's was talk talking in the wetter down to get to the low down on the as low as you can on the track. You don't want to waste that."
"Speaker 2","01;13;40;24","01;14;18;16","Would you want a low, low stomp? Then you had you had the people that were at the landings where they loved all the logs and, where they could either be into the flumes to take them down to the river or onto a loading ramp to be fully loaded onto the railroad cars. Now they have one machine that cuts the log, cuts the tree, custom cuts the limbs off custom in the logs, and logs them so they that one machine is replaced, probably 6 or 7 loggers that that could have been involved in that process."
"Speaker 2","01;14;18;18","01;14;22;24","Before that back end mechanization of the logging took place."
"Speaker 2","01;14;22;26","01;14;50;02","They they in this area, they've clearcut everything and they're planning some of it back. But basically we've gone from a forest to basically an agricultural situation to just growing trees as a crop. So the idea of a forest is a forest that supports wildlife, birds is gone. It's it's out the window. And it's tragic because if it keeps up, there's going to be no economy in Clearwater County."
"Speaker 2","01;14;50;08","01;15;13;08","There'll be no logs left. And there's these families that depend on logging industry to to survive are going to be without any work. And it's going to be a disaster, not only economically for the people, but it's a disaster ecologically. Nope. No trees, no canopy to filter the sunlight going into the snow. So we have a fast run off."
"Speaker 2","01;15;13;08","01;15;29;06","You get floods. There are no trees for the burst to nest in, no trees for the beavers to create, dams with no cover for the animals. It's it's an ecological disaster. And you can quote me on that."
"Speaker 2","01;15;29;09","01;15;45;00","but finally, Farnsworth was born. And so that, in Utah and Beaver County. And if you go to Beaver County, there is his grandfather was a pile of t Farnsworth."
"Speaker 2","01;15;45;05","01;16;24;00","So the they're a very early pioneers, and he was very, active in the county history of the area. So his family moved up here, and they ran a farm east of here. And was the Clark area. Very brilliant young man. And when he was, plowing, their field, he got this idea about. And so we went, to school the next day and talked to his chemistry teacher, Mr. Tolan."
"Speaker 2","01;16;24;02","01;16;53;09","And on the blackboard, he went through and drew his things and gave him his idea. So that's where the Rigby connection comes in. There he did not. He only did not graduate from high school here. He left probably a year or so after that and was able to get funding. And with a lab in San Francisco. But when it came time for,"
"Speaker 2","01;16;53;12","01;17;20;10","To get the patent, you know, the laws of patents, you have to be able to prove that your concept, the first one you developed. So they ask him, now what? Who can we get? So he had been back to this area, for all that time. But he said my chemistry teacher. And so the contact is chemistry teacher who was still teaching here, and this was in the 30s."
"Speaker 2","01;17;20;10","01;17;52;23","He went and, he went to the patent hearing and then that patent here, and he was able to go through and on a board. Sure. Exactly what, file I had told him. And so that's the grounds that it got for the museum. I mean, excuse me, that he got for the patent, but, years later, in the 1950s, he wanted, to recognize the role that the community played."
"Speaker 2","01;17;52;26","01;18;26;21","So he came to Rigby and, spoke in the, LDS Tabernacle here and presented some of the original tubes to the high school. And so I went to this high school, and in the library there was this glass case, and in there there were, those tubes. And so that's where the, Ruby contact, connection to file T Farnsworth."
"Speaker 2","01;18;26;24","01;18;52;28","You know, he's one of those. He was a brilliant man, but he wasn't not a very good businessman. And like so many other brilliant man, they're not necessarily good businessmen. So he never made much money off any of his inventions. I mean, he made over a thousand of them. So some of his materials are in the Inventors Hall of Fame and so on."
"Speaker 2","01;18;53;00","01;19;14;21","So this is something that the community wanted to do, was to have something. And so for years and years and years, they raised fan and and so on. And, this is where it grew out of. And we knew we didn't have enough just to do fill our in here. So it was a, county history. So that's when the two groups, joined together."
"Speaker 2","01;19;14;23","01;19;32;29","His wife, Pam, lived in Salt Lake City. And some of these items that we have. I was a courier, so I would go and pick up something to bring back to the museum, because she lived on Garfield Street, which is on the SugarHouse area."
"Speaker 2","01;19;33;01","01;20;05;09","So I have been to her home a number of times, and then her book, Decent Vision, which is a personal account of because she was not only a wife, she was a partner. So she was with him at every step of his inventions. So it's a very personal account, unfortunately, and a much better editor, because there's a lot of little things that she made mistakes, that if you had a good editor that would have cut like Pearl Harbor Day is December 7th, not December 8th."
"Speaker 1","01;20;05;12","01;20;06;03","Sure."
"Speaker 2","01;20;06;05","01;20;12;03","But it is. She tells a lot of stories that you're not going to find in other sources."
"Speaker 2","01;20;12;05","01;20;33;21","So she visited, I think at least once here she was in the, town parade and, and then mom and I have met her, a number of times. So very nice lady. She had a a basement full of whatever."
"Speaker 2","01;20;33;24","01;21;08;19","I mean, there is so many books because, you know, you know, professional people, they have he has, all these bound volumes of magazines, chemistry magazines and different science magazines and said. So I went through a lot of things and, picking at what my, the me she wanted. So but she was very nice."
"Speaker 2","01;21;08;20","01;21;38;06","I met her, as I said, a number of times, and I would when they were at other books of decent vision, I'd go and pick up a box because, they privately publish it. They could get a I don't know if, if, a publisher wouldn't take it or whatever, but since his death, of course, I've had, at least six books written on him and, a lot of publishers doing it."
"Speaker 2","01;21;38;08","01;21;57;03","with the way that the patterns were then, they were for a very short period of time. Then World War Two came and and for her she was a horrible businessman. And so RCA had the money and, he sold a lot of his patterns for, for below what they should have been sold for."
"Speaker 2","01;21;57;05","01;22;12;07","I think that it's important to find out where we've come from, because I think if you don't know where you've come from, it's really hard to know where you're going. And certain things that we've done in the past. These are items that you can say, see, this is where we came."
"Speaker 2","01;22;12;08","01;22;41;03","This is what we did. And this is how the improvements that we made. And, you know, we've got here all this sewing machine, I mean, the washing machines here. And you can see the for, project. Yeah. Progress going through and how they went from one to the other and developing in it. So I think that's a way to really to show young people and that they can what they can do and make an impact for what you're doing today and find a new way to go."
"Speaker 2","01;22;41;03","01;22;48;20","And in the future. And also, it's a way sometimes it finding ways of making things better,"
"Speaker 2","01;22;48;22","01;22;49;21","this is a problem."
"Speaker 2","01;22;49;21","01;23;12;11","How do we find a solution for it? And a lot of that goes not only. And having an idea is going through and seeing what other people have tried in the past. And, because it's not very often that you have someone that comes with a totally, completely original idea that no one's ever thought of any way whatsoever."
"Speaker 2","01;23;12;13","01;23;26;23","What the way that there may be a portion of the story. And that's a way with television that, you know, what he did was something that was unique, but he built upon what was done in the past."
"Speaker 1","01;23;26;25","01;23;53;03","Farnsworth was not born here in Rigby, Idaho. He was born in Indian Creek, Utah, which is down near Beaver, Utah. His family was farmers down there. Farm ground down in that part of Utah is not, the best. And, his family moved up here for a brief period of time to try and better themselves. Rogers was only actually here about three years."
"Speaker 1","01;23;53;06","01;24;03;20","It's all I time. He was actually spent here. He attended death. High school here in, in,"
"Speaker 1","01;24;03;22","01;24;32;00","Rigby. And, and and in 1922, when he was going to high school here away. He was. As I was looking at some, History that we had an, on the computer. It was written by his wife as he was listing the field. He got the idea of how he could produce pictures electronically."
"Speaker 1","01;24;32;02","01;24;59;01","Well, as they say, he was, according to either his wife or they were just getting a feel to look back and saw the various, roses created by the disc in the field. He thought he could produce pictures, like, chronically, because ill been going to studying about electrons and stuff and do it one line at a time very rapidly, which is exactly how pictures were originally made for television."
"Speaker 1","01;24;59;04","01;25;27;11","Well, he, was talking with his, high school teachers explaining how he thought he could produce pictures, electronically, basically television. And there's, he made a drawing on the chalkboard for his teacher explaining basically how the camera tube would work. And, as he was explaining that teachers thought the idea could possibly work. He thought about it."
"Speaker 1","01;25;27;12","01;25;51;24","Wonder what he made this drawing of on the chalkboard in the high school for his teacher. And, he, the, you know, the classroom. His teacher made a copy of that drawing. They kept it. That became very important for Farnsworth later on. Farnsworth applied for a patent for that particular process. He did receive the patent RCA with electronic giant of the day."
"Speaker 1","01;25;51;26","01;26;15;17","And, they disputed his that they don't know. We came up with the idea first. Exactly what went to court on that? His teacher found out what was going on and actually went back and testified before the patent committee as to the exact date the Farnsworth came up with the idea. So far, defense was able to keep that pattern."
"Speaker 1","01;26;15;19","01;26;19;28","It ended up costing RCA $1 million for the use of that particular process."
"Speaker 1","01;26;20;00","01;26;45;09","He did create his own company. He, entered the market at about the worst by a year, possibly entered the market during the depression. The first TV that he produced actually was not produced here in Rigby, Idaho, which trying to be the birthplace of deliberation because he came up with the idea while he was here. The first TV he produced was not produced."
"Speaker 1","01;26;45;11","01;26;51;03","That was produced in San Francisco, California, where he received some financial backing."
"Speaker 1","01;26;51;05","01;27;17;17","they're not necessarily exact tubes that he would use, the tubes that Farnsworth did present to the high school. The first original tubes are no longer here, and Rigby, they were in our in our Rigby High school. They were stored in the library, in a special case in the in the library. Rigby High school library."
"Speaker 1","01;27;17;20","01;27;35;04","Years ago, there were some banned. There was some vandalism took place in the high school. They did not touch the tubes. The principal was very concerned that that something might happen to him. So he basically gave our tubes away. They ended up in BYU. Provo."
"Speaker 1","01;27;35;06","01;27;46;21","His family moved back to the Provo, Utah area. From here. Farnsworth did not graduate from high school here. He actually graduated from high school in Provo, Utah."
"Speaker 1","01;27;46;24","01;27;57;04","He did attend Brigham Young University of Provo. He had to drop out to help support his family financially. Before he received his degree."
"Speaker 1","01;27;57;07","01;28;21;13","We said was basically set up to, display how various communities around the area would have looked, a number of years ago, agricultural, when one area was, Megan schools like, of course, the Rigby areas. Was the Rigby area."
"Speaker 1","01;28;21;15","01;28;27;03","There's so many things in here that, I,"
"Speaker 1","01;28;27;05","01;28;35;10","Enjoy. I've used a lot of the things that were in here. I'm not a young person by any means."
"Speaker 1","01;28;35;12","01;28;58;17","Most have seen that, reclining with the sign outside of the times of the read The Birthplace of Television. So I enjoyed telling him why we make that claim. A lot of them, the misconception that Farnsworth was born here, that is not the case. They have a misconception that the first TV he produced was actually made here."
"Speaker 1","01;28;58;19","01;29;08;00","There again, that is not the case. So it brings up the chance to bring up some to clear up some misconceptions that people have certainly."
"Speaker 1","01;29;08;02","01;29;14;16","Well, most of us watch TV, and it wouldn't be here if it wasn't for foreign, diverse."
"Speaker 1","01;29;14;19","01;29;40;17","the snow plain. It's what they're called. They were, never commercially produced. The snow plain is does not fly. It actually goes across the snow. They work much like a swamp boat. The propellers and the back of them. And, as I said, they were never commercially produced. Years ago, there was, in Roberts, Idaho."
"Speaker 1","01;29;40;17","01;29;59;07","They did a, a short haul, usually around the 1st of January, and they would do various races and stuff. And then those things were actually raced during that carnival, along with chariot races and all kinds of stuff that went on during that."
"Speaker 1","01;29;59;09","01;30;28;06","This whole museum is basically things that were used many years ago. A lot of people. And we take them through here. We take, school groups are usually in the in the spring. We do what we call a treasure hunt, which give the items to look for in these particular rooms. And, one of the things that I have to talk to you about is, one of the things we have to look for is a nice."
"Speaker 1","01;30;28;08","01;30;50;01","Now, most people don't know what a hay knife is. A hay knife was used when the hay was not baled, hay was cut and put in a loose stack. The hay knife, if I had one, was would be, I could show you, but they had two handles on, and they were used to cut a section of hay out of that stack."
"Speaker 1","01;30;50;01","01;31;19;09","So, so that you could actually read a section of the livestock. Otherwise it would mat down and be very hard to get out of the stack. And there's just these invasively that myriad of things that in many cases are not reused anymore. Couple of things that I never thought would become obsolete in my lifetime, that I've used extensively."
"Speaker 1","01;31;19;12","01;31;32;18","And, well, one of them is a film camera. A film camera basically is not used anymore. And also a typewriter."
"Speaker 1","01;31;32;20","01;31;44;24","If you don't know what things are, how are you going to improve on and, like, why are these things you know about? Because they weren't happy with the way things were. So they write them better."
